Date,Count
2023-05-01,45255
2023-05-02,72384
2023-05-03,60428
2023-05-04,52916
2023-05-05,57728
2023-05-06,61574
2023-05-07,40996
2023-05-08,42733
2023-05-09,74268
2023-05-10,56563
2023-05-11,52346
2023-05-12,50888
2023-05-13,55409
2023-05-14,39017
2023-05-15,37349
2023-05-16,70303
2023-05-17,62688
2023-05-18,54130
2023-05-19,50217
2023-05-20,58703
2023-05-21,41409
2023-05-22,40604
2023-05-23,70192
2023-05-24,66007
2023-05-25,57548
2023-05-26,60657
2023-05-27,70304
2023-05-28,45575
2023-05-29,47054
2023-05-30,74350
